-- phpMyAdmin SQL Dump
-- version 4.5.2
-- http://www.phpmyadmin.net
--
-- Host: localhost
-- Generation Time: Dec 30, 2016 at 02:12 AM
-- Server version: 10.1.19-MariaDB
-- PHP Version: 5.6.24

SET SQL_MODE = "NO_AUTO_VALUE_ON_ZERO";
SET time_zone = "+00:00";


/*!40101 SET @OLD_CHARACTER_SET_CLIENT=@@CHARACTER_SET_CLIENT */;
/*!40101 SET @OLD_CHARACTER_SET_RESULTS=@@CHARACTER_SET_RESULTS */;
/*!40101 SET @OLD_COLLATION_CONNECTION=@@COLLATION_CONNECTION */;
/*!40101 SET NAMES utf8mb4 */;

--
-- Database: `blog`
--

-- --------------------------------------------------------

--
-- Table structure for table `articles`
--

CREATE TABLE `articles` (
  `article_id` int(11) NOT NULL,
  `title` varchar(255) NOT NULL,
  `user_id` int(11) NOT NULL,
  `date` datetime NOT NULL DEFAULT CURRENT_TIMESTAMP,
  `text` mediumtext,
  `published` tinyint(1) NOT NULL DEFAULT '0',
  `img` varchar(255) DEFAULT NULL
) ENGINE=InnoDB DEFAULT CHARSET=latin1;

--
-- Dumping data for table `articles`
--

INSERT INTO `articles` (`article_id`, `title`, `user_id`, `date`, `text`, `published`, `img`) VALUES
(43, 'Handbook of young artists and amateurs in oilpainting : being chiefly a condensed compilation from the celebrated manual of Bouvier, with additional matter selected from the labors of MerimÃ©e, De Montabert and other distinguished continental writers in t', 4, '2016-12-27 10:47:18', '&lt;p&gt;The title is too long.&lt;/p&gt;\r\n&lt;p&gt;The Mannekin, or lay-figure, as it is more usually called in English, is a wooden doll, so jointed in all the chief articulations,&lt;/p&gt;\r\n&lt;p&gt;that it can be made to assume and retain any posture the artist may desire for the adjustment of his drapery.&lt;/p&gt;\r\n&lt;p&gt;These figures come of various heights, from ten inches up to fve feet and over, and from the care and time required for their fabrication,&lt;/p&gt;\r\n&lt;p&gt;are all expensive ; an ordinary one, not higher than the larger size of children''s dolls, will, if well finished, and of hard wood,&lt;/p&gt;\r\n&lt;p&gt;cost from thirty to forty dollars; while one of the stature of life cannot be obtained for less than two hundred. These latter are stuffed, and covered with an elastic tissue of knit silk. The ordinary ones present merely the naked wood, which is sometimes of black walnut, and resemble in every respect as we have said a wooden doll, save in the ingenuity and com-pleteness of the joints, and in the want of a painted face.&lt;/p&gt;', 1, NULL),
(81, 'Graph', 4, '2016-12-27 10:49:53', '&lt;p&gt;Graphs. Suppose G is a directed graph with vertices 1,2,...,n. Let T&lt;sub&gt;ij&lt;/sub&gt;= 1. if i is connected to j, and 0 otherwise. Then (T&lt;sup&gt;k&lt;/sup&gt;)&lt;sub&gt;ij&lt;/sub&gt; is just the number of directed paths of length k that run from i to j.&lt;/p&gt;', 1, NULL),
(83, 'THE GARDEN OF FORKING PATHS by Jorge Luis Borges', 2, '2016-12-27 09:45:26', '&lt;p style=&quot;color: #000000;&quot; align=&quot;LEFT&quot;&gt;&lt;span style=&quot;color: #000000;&quot;&gt;&lt;span style=&quot;font-family: Cambria,serif;&quot;&gt;&lt;span style=&quot;font-size: large;&quot;&gt;On page 224 of Liddell Hart''s History of World War I you will read that an attack against the Serre-Montauban line by thirteen British divisions (supported by 1,400 artillery pieces), planned for the 24th of July, 1916, had to be postponed until the morning of the 29th. The torrential rains, Captain Liddell Hart comments, caused this delay, an insignificant one, to be sure.&lt;br /&gt;&lt;br /&gt;The following statement, dictated, reread and signed by Dr. Yu Tsun, former professor of English at the Hochschule at Tsingtao, throws an unsuspected light over the whole affair. The first two pages of the document are missing.&lt;br /&gt;&lt;br /&gt;&quot;. . . and I hung up the receiver. Immediately afterwards, I recognized the voice that had answered in German. It was that of Captain Richard Madden. Madden''s presence in Viktor Runeberg''s apartment meant the end of our anxieties and-but this seemed, or should have seemed, very secondary to me-also the end of our lives. It meant that Runeberg had been arrested or murdered. [1] Before the sun set on that day, I would encounter the same fate. Madden was implacable. Or rather, he was obliged to be so. An Irishman at the service of England, a man accused of laxity and perhaps of treason, how could he fail to seize and be thankful for such a miraculous opportunity: the discovery, capture, maybe even the death of two agents of the German Reich? I went up to my room; absurdly I locked the door and threw myself on my back on the narrow iron cot. Through the window I saw the familiar roofs and the cloud-shaded six o''clock sun. It seemed incredible to me that that day without premonitions or symbols should be the one of my inexorable death. In spite of my dead father, in spite of having been a child in a symmetrical garden of Hai Feng, was I-now-going to die? Then I reflected that everything happens to a man precisely, precisely now. Centuries of centuries and only in the present do things happen; countless men in the air, on the face of the earth and the sea, and all that really is happening is happening to me . . . The almost intolerable recollection of Madden''s horse-like face banished these wanderings. In the midst of my hatred and terror (it means nothing to me now to speak of terror, now that I have mocked Richard Madden, now that my throat yearns for the noose) it occurred to me that that tumultuous and doubtless happy warrior did not suspect that I possessed the Secret. The name of the exact location of the new British artillery park on the River Ancre. A bird streaked across the gray sky and blindly I translated it into an airplane and that airÂ­plane into many (against the French sky) annihilating the artillery station with vertical bombs. If only my mouth, before a bullet shattered it, could cry out that secret name so it could be heard in Germany ... My human voice was very weak. How might I make it carry to the ear of the Chief? To the ear of that sick and hateful man who knew nothing of Runeberg and me save that we were in Staffordshire and who was waiting in vain for our report in his arid office in Berlin, endlessly examining newspapers ... I said out loud: I must flee. I sat up noiselessly, in a useless perfection of silence, as if Madden were already lying in wait for me. Something-perhaps the mere vain ostentation of proving my resources were nil-made me look through my pockets. I found what I knew I would find. The American watch, the nickel chain and the square coin, the key ring with the incriminating useless keys to Runeberg''s apartment, the notebook, a letter which I resolved to destroy immediately (and which I did not destroy), a crown, two shillings and a few pence, the red and blue pencil, the handkerchief, the revolver with one bullet. Absurdly, I took it in my hand and weighed it in order to inspire courage within myself. Vaguely I thought that a pistol report can be heard at a great distance. In ten minutes my plan was perfected. The telephone book listed the name of the only person capable of transmitting the message; he lived in a suburb of Fenton, less than a half hour''s train ride away.&lt;br /&gt;&lt;br /&gt;I am a cowardly man. I say it now, now that I have carried to its end a plan whose perilous nature no one can deny. I know its execution was terrible. I didn''t do it for Germany, no. I care nothing for a barbarous country which imposed upon me the abjection of being a spy. Besides, I know of a man from England -a modest man-who for me is no less great than Goethe. I talked with him for scarcely an hour, but during that hour he was Goethe ... I did it because I sensed that the Chief somehow feared people of my race-for the innumerable ancestors who merge within me. I wanted to prove to him that a yellow man could save his armies. Besides, I had to flee from Captain Madden. His hands and his voice could call at my door at any moment. I dressed silently, bade farewell to myself in the mirror, went downstairs, scrutinized the peaceful street and went out. The station was not far from my home, but I judged it wise to take a cab. -I argued that in this way I ran less risk of being recognized; the fact is that in the deserted street I felt myself visible and vulnerable, infinitely so. I remember that I told the cab driver to stop a short distance before the main entrance. I got out with voluntary, almost painful slowness; I was going to the village of Ashgrove but I bought a ticket for a more distant station. The train left within a very few minutes, at eight-fifty. I hurried; the next one would leave at nine-thirty. There was hardly a soul on the platform. I went through the coaches; I remember a few farmers, a woman dressed in mourning, a young boy who was reading with fervor the Annals of Tacitus, a wounded and happy soldier. The coaches jerked forward at last. A man whom I recognized ran in vain to the end of the platform. It was Captain Richard Madden. Shattered, trembling, I shrank into the far corner of the seat, away from the dreaded window.&lt;br /&gt;&lt;br /&gt;From this broken state I passed into an almost abject felicity. I told myself that the duel had already begun and that I had won the first encounter by frustrating, even if for forty minutes, even if by a stroke of fate, the attack of my adversary. I argued that this slightest of victories foreshadowed a total victory. I argued (no less fallaciously) that my cowardly felicity proved that I was a man capable of carrying out the adventure successfully. From this weakness I took strength that did not abandon me. I foresee that man will resign himself each day to more atrocious undertakings; soon there will be no one but warriors and brigands; I give them this counsel: The author of an atrocious undertaking ought to imagine that he has already accomplished it, ought to impose upon himself a future as irrevocable as the past. Thus I proceeded as my eyes of a man already dead regisÂ­tered the elapsing of that day, which was perhaps the last, and the diffusion of the night. The train ran gently along, amidst ash trees. It stopped, almost in the middle of the fields. No one announced the name of the station. &quot;Ashgrove?&quot; I asked a few lads on the platform. &quot;Ashgrove,&quot; they replied. I got off.&lt;br /&gt;&lt;br /&gt;A lamp enlightened the platform but the faces of the boys were in shadow. One questioned me, &quot;Are you going to Dr. Stephen Albert''s house?&quot; Without waiting for my answer, anÂ­other said, &quot;The house is a long way from here, but you won''t get lost if you take this road to the left and at every crossroads turn again to your left.&quot; I tossed them a coin (my last), descended a few stone steps and started down the solitary road. It went downhill, slowly. It was of elemental earth; overhead the branches were tangled; the low, full moon seemed to accomÂ­pany me.&lt;br /&gt;&lt;br /&gt;For an instant, I thought that Richard Madden in some way had penetrated my desperate plan. Very quickly, I understood that that was impossible. The instructions to turn always to the left reminded me that such was the common procedure for discovering the central point of certain labyrinths. I have some understanding of labyrinths: not for nothing am I the great grandson of that Ts''ui Pen who was governor of Yunnan and who renounced worldly power in order to write a novel that might be even more populous than the Hung Lu Meng and to construct a labyrinth in which all men would become lost. Thirteen years he dedicated to these heterogeneous tasks, but the hand of a stranger murdered him-and his novel was incoÂ­herent and no one found the labyrinth. Beneath English trees I meditated on that lost maze: I imagined it inviolate and perfect at the secret crest of a mountain; I imagined it erased by rice fields or beneath the water; I imagined it infinite, no longer composed of octagonal kiosks and returning paths, but of rivers and provinces and kingdoms . . . I thought of a labyrinth of labyrinths, of one sinuous spreading labyrinth that would encompass the past and the future and in some way involve the stars. Absorbed in these illusory images, I forgot my destiny of one pursued. I felt myself to be, for an unknown period of time, an abstract perceiver of the world. The vague, living countryside, the moon, the remains of the day worked on me, as well as the slope of the road which eliminated any possibility of weariness. The afternoon was intimate, infinite. The road descended and forked among the now confused meadows. A high-pitched, almost syllabic music approached and receded in the shifting of the wind, dimmed by leaves and distance. I thought that a man can be an enemy of other men, of the moments of other men, but not of a country: not of fireflies, words, gardens, streams of water, sunsets. Thus I arrived before a tall, rusty gate. Between the iron bars I made out a poplar grove and a pavilion. I understood suddenly two things, the first trivial, the second almost unbelievable: the music came from the pavilion, and the music was Chinese. For precisely that reason I had openly accepted it without paying it any heed. I do not remember whether there was a bell or whether I knocked with my hand. The sparkling of the music continued.&lt;br /&gt;&lt;br /&gt;From the rear of the house within a lantern approached: a lantern that the trees sometimes striped and sometimes eclipsed, a paper lantern that had the form of a drum and the color of the moon. A tall man bore it. I didn''t see his face for the light blinded me. He opened the door and said slowly, in my own language: &quot;I see that the pious Hsi P''eng persists in correcting my solitude. You no doubt wish to see the garden?&quot;&lt;br /&gt;&lt;br /&gt;I recognized the name of one of our consuls and I replied, disconcerted, &quot;The garden?&quot;&lt;br /&gt;&lt;br /&gt;&quot;The garden of forking paths.&quot;&lt;br /&gt;&lt;br /&gt;Something stirred in my memory and I uttered with incomÂ­prehensible certainty, &quot;The garden of my ancestor Ts''ui Pen.&quot; &quot;Your ancestor? Your illustrious ancestor? Come in.&quot;&lt;br /&gt;&lt;br /&gt;The damp path zigzagged like those of my childhood. We came to a library of Eastern and Western books. I recognized bound in yellow silk several volumes of the Lost Encyclopedia, edited by the Third Emperor of the Luminous Dynasty but never printed. The record on the phonograph revolved next to a bronze phoenix. I also recall a famille rose vase and another, many centuries older, of that shade of blue which our craftsmen copied from the potters of Persia . . .&lt;br /&gt;&lt;br /&gt;Stephen Albert observed me with a smile. He was, as I have said, very tall, sharp-featured, with gray eyes and a gray beard. He told me that he had been a missionary in Tientsin &quot;before aspiring to become a Sinologist.&quot;&lt;br /&gt;&lt;br /&gt;We sat down-I on a long, low divan, he with his back to the window and a tall circular clock. I calculated that my purÂ­suer, Richard Madden, could not arrive for at least an hour. My irrevocable determination could wait.&lt;br /&gt;&lt;br /&gt;&quot;An astounding fate, that of Ts''ui Pen,&quot; Stephen Albert said. &quot;Governor of his native province, learned in astronomy, in astrology and in the tireless interpretation of the canonical books, chess player, famous poet and calligrapher-he abandoned all this in order to compose a book and a maze. He renounced the pleasures of both tyranny and justice, of his populous couch, of his banquets and even of erudition-all to close himself up for thirteen years in the Pavilion of the Limpid Solitude. When he died, his heirs found nothing save chaotic manuscripts. His family, as you may be aware, wished to condemn them to the fire; but his executor-a Taoist or Buddhist monk-insisted on their publicaÂ­tion.&quot;&lt;br /&gt;&lt;br /&gt;&quot;We descendants of Ts''ui Pen,&quot; I replied, &quot;continue to curse that monk. Their publication was senseless. The book is an indeterminate heap of contradictory drafts. I examined it once: in the third chapter the hero dies, in the fourth he is alive. As for the other undertaking of Ts''ui Pen, his labyrinth . . .&quot;&lt;br /&gt;&lt;br /&gt;&quot;Here is Ts''ui Pen''s labyrinth,&quot; he said, indicating a tall lacquered desk.&lt;br /&gt;&lt;br /&gt;&quot;An ivory labyrinth!&quot; I exclaimed. &quot;A minimum labyrinth.&quot; &lt;/span&gt;&lt;/span&gt;&lt;/span&gt;&lt;/p&gt;\r\n&lt;p style=&quot;color: #000000;&quot; align=&quot;LEFT&quot;&gt;&lt;span style=&quot;color: #000000;&quot;&gt;&lt;span style=&quot;font-family: Cambria,serif;&quot;&gt;&lt;span style=&quot;font-size: large;&quot;&gt;&quot;A labyrinth of symbols,&quot; he corrected. &quot;An invisible labyrinth of time. To me, a barbarous Englishman, has been entrusted the revelation of this diaphanous mystery. After more than a hunÂ­dred years, the details are irretrievable; but it is not hard to conjecture what happened. Ts''ui Pen must have said once: I am withdrawing to write a book. And another time: I am withdrawÂ­ing to construct a labyrinth. Every one imagined two works; to no one did it occur that the book and the maze were one and the same thing. The Pavilion of the Limpid Solitude stood in the center of a garden that was perhaps intricate; that circumÂ­stance could have suggested to the heirs a physical labyrinth. Hs''ui Pen died; no one in the vast territories that were his came upon the labyrinth; the confusion of the novel suggested to me that it was the maze. Two circumstances gave me the correct solution of the problem. One: the curious legend that Ts''ui Pen had planned to create a labyrinth which would be strictly infinite. The other: a fragment of a letter I discovered.&quot;&lt;br /&gt;&lt;br /&gt;Albert rose. He turned his back on me for a moment; he opened a drawer of the black and gold desk. He faced me and in his hands he held a sheet of paper that had once been crimson, but was now pink and tenuous and cross-sectioned. The fame of Ts''ui Pen as a calligrapher had been justly won. I read, uncompreÂ­hendingly and with fervor, these words written with a minute brush by a man of my blood: I leave to the various futures (not to all) my garden of forking paths. Wordlessly, I returned the sheet. Albert continued:&lt;br /&gt;&lt;br /&gt;&quot;Before unearthing this letter, I had questioned myself about the ways in which a book can be infinite. I could think of nothing other than a cyclic volume, a circular one. A book whose last page was identical with the first, a book which had the possibility of continuing indefinitely. I remembered too that night which is at the middle of the Thousand and One Nights when ScheheraÂ­zade (through a magical oversight of the copyist) begins to relate word for word the story of the Thousand and One Nights, establishing the risk of coming once again to the night when she must repeat it, and thus on to infinity. I imagined as well a Platonic, hereditary work, transmitted from father to son, in which each new individual adds a chapter or corrects with pious care the pages of his elders. These conjectures diverted me; but none seemed to correspond, not even remotely, to the contradictory chapters of Ts''ui Pen. In the midst of this perplexity, I received from Oxford the manuscript you have examined. I lingered, naturally, on the sentence: I leave to the various futures (not to all) my garden o f forking paths. Almost instantly, I understood: `the garden of forking paths'' was the chaotic novel; the phrase `the various futures (not to all)'' suggested to me the forking in time, not in space. A broad rereading of the work confirmed the theory. In all fictional works, each time a man is confronted with several alternatives, he chooses one and eliminates the others; in the fiction of Ts''ui Pen, he chooses simultaneously-all of them. He creates, in this way, diverse futures, diverse times which themselves also proliferate and fork. Here, then, is the explanation of the novel''s contradictions. Fang, let us say, has a secret; a stranger calls at his door; Fang resolves to kill him. Naturally, there are several possible outcomes: Fang can kill the intruder, the intruder can kill Fang, they both can escape, they both can die, and so forth. In the work of Ts''ui Pen, all possible outcomes occur; each one is the point of departure for other forkings. Sometimes, the paths of this labyrinth converge: for example, you arrive at this house, but in one of the possible pasts you are my enemy, in another, my friend. If you will resign yourself to my incurable pronunciation, we shall read a few pages.&quot;&lt;br /&gt;&lt;br /&gt;His face, within the vivid circle of the lamplight, was unquestionably that of an old man, but with something unalterable about it, even immortal. He read with slow precision two versions of the same epic chapter. In the first, an army marches to a battle across a lonely mountain; the horror of the rocks and shadows makes the men undervalue their lives and they gain an easy victory. In the second, the same army traverses a palace where a great festival is taking place; the resplendent battle seems to them a continuation of the celebration and they win the victory. I listened with proper veneration to these ancient narratives, perhaps less admirable in themselves than the fact that they had been created by my blood and were being restored to me by a man of a remote empire, in the course of a desperate adventure, on a Western isle. I remember the last words, repeated in each version like a secret commandment: Thus fought the heroes, tranquil their admirable hearts, violent their swords, resigned to kill and to die.&lt;br /&gt;&lt;br /&gt;From that moment on, I felt about me and within my dark body an invisible, intangible swarming. Not the swarming of the divergent, parallel and finally coalescent armies, but a more inaccessible, more intimate agitation that they in some manner prefigured. Stephen Albert continued:&lt;br /&gt;&lt;br /&gt;&quot;I don''t believe that your illustrious ancestor played idly with these variations. I don''t consider it credible that he would sacrifice thirteen years to the infinite execution of a rhetorical experiment. In your country, the novel is a subsidiary form of literature; in Ts''ui Pen''s time it was a despicable form. Ts''ui Pen was a brilliant novelist, but he was also a man of letters who doubtless did not consider himself a mere novelist. The testimony of his contemporaries proclaims-and his life fully confirms-his metaphysical and mystical interests. Philosophic controversy usurps a good part of the novel. I know that of all problems, none disturbed him so greatly nor worked upon him so much as the abysmal problem of time. Now then, the latter is the only problem that does not figure in the pages of the Garden. He does not even use the word that signifies time. How do you explain this voluntary omission?&quot;&lt;br /&gt;&lt;br /&gt;I proposed several solutions-all unsatisfactory. We discussed them. Finally, Stephen Albert said to me:&lt;br /&gt;&lt;br /&gt;&quot;In a riddle whose answer is chess, what is the only prohibited word?&quot;&lt;br /&gt;&lt;br /&gt;I thought a moment and replied, &quot;The word chess.&quot; &quot;Precisely,&quot; said Albert. &quot;The Garden of Forking Paths is an enormous riddle, or parable, whose theme is time; this recondite cause prohibits its mention. To omit a word always, to resort to inept metaphors and obvious periphrases, is perhaps the most emphatic way of stressing it. That is the tortuous method preferred, in each of the meanderings of his indefatigable novel, by the oblique Ts''ui Pen. I have compared hundreds of manuscripts, I have corrected the errors that the negligence of the copyists has introduced, I have guessed the plan of this chaos, I have re-established -- I believe I have re-established-the primordial organization, I have translated the entire work: it is clear to me that not once does he employ the word `time.'' The explanation is obvious: The Garden of Forking Paths is an incomplete, but not false, image of the universe as Ts''ui Pen conceived it. In contrast to Newton and Schopenhauer, your ancestor did not believe in a uniform, absolute time. He believed in an infinite series of times, in a growing, dizzying net of divergent, convergent and parallel times. This network of times which approached one another, forked, broke off, or were unaware of one another for centuries, embraces all possibilities of time. We do not exist in the majority of these times; in some you exist, and not I; in others I, and not you; in others, both of us. In the present one, which a favorable fate has granted me, you have arrived at my house; in another, while crossing the garden, you found me dead; in still another, I utter these same words, but I am a mistake, a ghost.&quot;&lt;br /&gt;&lt;br /&gt;&quot;In every one,&quot; I pronounced, not without a tremble to my voice, &quot;I am grateful to you and revere you for your re-creation of the garden of Ts''ui Pen.&quot;&lt;br /&gt;&lt;br /&gt;&quot;Not in all,&quot; he murmured with a smile. &quot;Time forks perpetually toward innumerable futures. In one of them I am your enemy.&quot;&lt;br /&gt;&lt;br /&gt;Once again I felt the swarming sensation of which I have spoken. It seemed to me that the humid garden that surrounded the house was infinitely saturated with invisible persons. Those persons were Albert and I, secret, busy and multiform in other dimensions of time. I raised my eyes and the tenuous nightmare dissolved. In the yellow and black garden there was only one man; but this man was as strong as a statue . . . this man was approaching along the path and he was Captain Richard Madden.&lt;br /&gt;&lt;br /&gt;&quot;The future already exists,&quot; I replied, &quot;but I am your friend. Could I see the letter again?&quot;&lt;br /&gt;&lt;br /&gt;Albert rose. Standing tall, he opened the drawer of the tall desk; for the moment his back was to me. I had readied the revolver. I fired with extreme caution. Albert fell uncomplainingly, immediately. I swear his death was instantaneous--a lightning stroke.&lt;br /&gt;&lt;br /&gt;The rest is unreal, insignificant. Madden broke in, arrested me. I have been condemned to the gallows. I have won out abominably; I have communicated to Berlin the secret name of the city they must attack. They bombed it yesterday; I read it in the same papers that offered to England the mystery of the learned Sinologist Stephen Albert who was murdered by a stranger, one Yu Tsun. The Chief had deciphered this mystery. He knew my problem was to indicate (through the uproar of the war) the city called Albert, and that I had found no other means to do so than to kill a man of that name. He does not know (no one can know) my innumerable contrition and weariness.&lt;br /&gt;&lt;br /&gt;Footnote&lt;br /&gt;&lt;br /&gt;[1] An hypothesis both hateful and odd: The Prussian spy Hans Rabener, alias Viktor Runeberg, attacked with drawn automatic the bearer of the warrant for his arrest, Captain Richard Madden. The latter, in self-defense, inflicted the wound which brought about Runeberg''s death. (Editor''s note.) &lt;br /&gt;&lt;br /&gt;(For Victoria Ocampo. Translated by D. A. Y.)&lt;/span&gt;&lt;/span&gt;&lt;/span&gt;&lt;/p&gt;', 1, NULL),
(90, 'Database Memoization? [closed]', 4, '2016-12-27 10:48:31', '&lt;p&gt;&lt;span style=&quot;text-decoration: underline;&quot;&gt;https://stackoverflow.com/questions/10081247/database-memoization&lt;/span&gt;&lt;/p&gt;\r\n&lt;div class=&quot;post-text&quot;&gt;\r\n&lt;p&gt;If you''re worried about large data to be answered on a single machine, the answer to this is almost certainly &lt;strong&gt;NO!&lt;/strong&gt; And on modern hardware, if the answer is not no, then either there is a pattern to the calculation, or the computation should be ruled infeasible. But there are several variations where it can make sense.&lt;/p&gt;\r\n&lt;p&gt;The win with memoization is that the cost of recalculation is more than fetching your previous answer. But if your answer fits in RAM, then there is no win to using a database since it is faster to just keep the store in memory. So the only interesting case for the database is where the answer does not fit in RAM.&lt;/p&gt;\r\n&lt;p&gt;Let''s suppose, for the sake of argument, that each key/value pair takes a whopping 640 bytes. Let us suppose that you have 64 GB of RAM available to you. So in order for it to not fit in RAM, you need over 100 million facts, which are created/accessed randomly. However let''s consider actual hardware. These facts, when they don''t fit in RAM, are stored in a hard drive. The hard drive spins at, let''s say, 6k RPM, or 100 times per second. This makes the time to fetch/store a random piece of data an average of 1/200th of a second (on average you have to spin half-way to find your data). So after you fill your data structure, to access it all again randomly takes 100 million * 0.005 s = 500,000 seconds which is nearly 590 days. We''re taking years just to access data (let alone create it) which is getting perilously close to the mean time between failure for the hardware. (BTW there is some parallelism we can take advantage of here, hard drives cam look for several disk sectors they are looking for at a time, but that is limited and will not save you.)&lt;/p&gt;\r\n&lt;p&gt;The moral is that randomly accessing large data sets on disk is not feasible. Even if you put a database in front of it. Hard drives are not RAM, and should not be thought of as such.&lt;/p&gt;\r\n&lt;p&gt;But all is not lost.&lt;/p&gt;\r\n&lt;p&gt;A scenario where the database makes sense is your suggestion of a distributed computation. If your computational steps are expensive, memoized calls are relatively few, and the data can fit in memory, then a database is very convenient. Calls to the database will be fast (things are in memory), you can''t simply keep things on a local hard drive (your data is spread out across multiple machines to use CPUs so there is no shared hard drive), and the database may be convenient simply because it is there. (I''ve used databases this way before, and been very happy.)&lt;/p&gt;\r\n&lt;p&gt;However in this scenario the database is just a key/value store. While a SQL database works, you may want to consider no-SQL solutions. And once you go to no-SQL solutions you have options for data stores where data has been sharded such that it all fits in RAM, no matter how much data you have. (Yes, you can shard relational databases as well. eBay is a good example of a company that I know does, but once you do you tend to lose the &quot;relational&quot; part of it. Yes, I know that several companies claim otherwise, their claims come with significant caveats.)&lt;/p&gt;\r\n&lt;p&gt;In fact when you do a Google search you are running against just this kind of sharded data store, which contains what is essentially memoized answers to a lot of questions about which pages match which key words, and which of those pages are most relevant. Without memoization they could never do it. But they also could never actually do it if they had to go to a hard drive for the answer. (They''re also not using SQL...)&lt;/p&gt;\r\n&lt;/div&gt;', 0, NULL),
(91, 'How does database indexing work?', 4, '2016-12-27 10:49:42', '&lt;p&gt;https://stackoverflow.com/questions/1108/how-does-database-indexing-work&lt;/p&gt;\r\n&lt;div class=&quot;post-text&quot;&gt;\r\n&lt;p&gt;&lt;strong&gt;Why is it needed?&lt;/strong&gt;&lt;/p&gt;\r\n&lt;p&gt;When data is stored on disk based storage devices, it is stored as blocks of data. These blocks are accessed in their entirety, making them the atomic disk access operation. Disk blocks are structured in much the same way as linked lists; both contain a section for data, a pointer to the location of the next node (or block), and both need not be stored contiguously.&lt;/p&gt;\r\n&lt;p&gt;Due to the fact that a number of records can only be sorted on one field, we can state that searching on a field that isnâ€™t sorted requires a Linear Search which requires &lt;code&gt;N/2&lt;/code&gt; block accesses (on average), where &lt;code&gt;N&lt;/code&gt; is the number of blocks that the table spans. If that field is a non-key field (i.e. doesnâ€™t contain unique entries) then the entire table space must be searched at &lt;code&gt;N&lt;/code&gt; block accesses.&lt;/p&gt;\r\n&lt;p&gt;Whereas with a sorted field, a Binary Search may be used, this has &lt;code&gt;log2 N&lt;/code&gt; block accesses. Also since the data is sorted given a non-key field, the rest of the table doesnâ€™t need to be searched for duplicate values, once a higher value is found. Thus the performance increase is substantial.&lt;/p&gt;\r\n&lt;p&gt;&lt;strong&gt;What is indexing?&lt;/strong&gt;&lt;/p&gt;\r\n&lt;p&gt;Indexing is a way of sorting a number of records on multiple fields. Creating an index on a field in a table creates another data structure which holds the field value, and pointer to the record it relates to. This index structure is then sorted, allowing Binary Searches to be performed on it.&lt;/p&gt;\r\n&lt;p&gt;The downside to indexing is that these indexes require additional space on the disk, since the indexes are stored together in a table using the MyISAM engine, this file can quickly reach the size limits of the underlying file system if many fields within the same table are indexed.&lt;/p&gt;\r\n&lt;p&gt;&lt;strong&gt;How does it work?&lt;/strong&gt;&lt;/p&gt;\r\n&lt;p&gt;Firstly, letâ€™s outline a sample database table schema;&lt;/p&gt;\r\n&lt;pre&gt;Field name       Data type      Size on disk\r\nid (Primary key) Unsigned INT   4 bytes\r\nfirstName        Char(50)       50 bytes\r\nlastName         Char(50)       50 bytes\r\nemailAddress     Char(100)      100 bytes\r\n&lt;/pre&gt;\r\n&lt;p&gt;&lt;strong&gt;Note&lt;/strong&gt;: char was used in place of varchar to allow for an accurate size on disk value. This sample database contains five million rows, and is unindexed. The performance of several queries will now be analyzed. These are a query using the &lt;em&gt;id&lt;/em&gt; (a sorted key field) and one using the &lt;em&gt;firstName&lt;/em&gt; (a non-key unsorted field).&lt;/p&gt;\r\n&lt;p&gt;&lt;strong&gt;&lt;em&gt;Example 1&lt;/em&gt;&lt;/strong&gt;&lt;/p&gt;\r\n&lt;p&gt;Given our sample database of &lt;code&gt;r = 5,000,000&lt;/code&gt; records of a fixed size giving a record length of &lt;code&gt;R = 204&lt;/code&gt; bytes and they are stored in a table using the MyISAM engine which is using the default block size &lt;code&gt;B = 1,024&lt;/code&gt; bytes. The blocking factor of the table would be &lt;code&gt;bfr = (B/R) = 1024/204 = 5&lt;/code&gt; records per disk block. The total number of blocks required to hold the table is &lt;code&gt;N = (r/bfr) = 5000000/5 = 1,000,000&lt;/code&gt; blocks.&lt;/p&gt;\r\n&lt;p&gt;A linear search on the id field would require an average of &lt;code&gt;N/2 = 500,000&lt;/code&gt; block accesses to find a value given that the id field is a key field. But since the id field is also sorted a binary search can be conducted requiring an average of &lt;code&gt;log2 1000000 = 19.93 = 20&lt;/code&gt; block accesses. Instantly we can see this is a drastic improvement.&lt;/p&gt;\r\n&lt;p&gt;Now the &lt;em&gt;firstName&lt;/em&gt; field is neither sorted nor a key field, so a binary search is impossible, nor are the values unique, and thus the table will require searching to the end for an exact &lt;code&gt;N = 1,000,000&lt;/code&gt; block accesses. It is this situation that indexing aims to correct.&lt;/p&gt;\r\n&lt;p&gt;Given that an index record contains only the indexed field and a pointer to the original record, it stands to reason that it will be smaller than the multi-field record that it points to. So the index itself requires fewer disk blocks than the original table, which therefore requires fewer block accesses to iterate through. The schema for an index on the &lt;em&gt;firstName&lt;/em&gt; field is outlined below;&lt;/p&gt;\r\n&lt;pre&gt;Field name       Data type      Size on disk\r\nfirstName        Char(50)       50 bytes\r\n(record pointer) Special        4 bytes\r\n&lt;/pre&gt;\r\n&lt;p&gt;&lt;strong&gt;Note&lt;/strong&gt;: Pointers in MySQL are 2, 3, 4 or 5 bytes in length depending on the size of the table.&lt;/p&gt;\r\n&lt;p&gt;&lt;strong&gt;&lt;em&gt;Example 2&lt;/em&gt;&lt;/strong&gt;&lt;/p&gt;\r\n&lt;p&gt;Given our sample database of &lt;code&gt;r = 5,000,000&lt;/code&gt; records with an index record length of &lt;code&gt;R = 54&lt;/code&gt; bytes and using the default block size &lt;code&gt;B = 1,024&lt;/code&gt; bytes. The blocking factor of the index would be &lt;code&gt;bfr = (B/R) = 1024/54 = 18&lt;/code&gt; records per disk block. The total number of blocks required to hold the table is &lt;code&gt;N = (r/bfr) = 5000000/18 = 277,778&lt;/code&gt; blocks.&lt;/p&gt;\r\n&lt;p&gt;Now a search using the &lt;em&gt;firstName&lt;/em&gt; field can utilise the index to increase performance. This allows for a binary search of the index with an average of &lt;code&gt;log2 277778 = 18.08 = 19&lt;/code&gt; block accesses. To find the address of the actual record, which requires a further block access to read, bringing the total to &lt;code&gt;19 + 1 = 20&lt;/code&gt; block accesses, a far cry from the 277,778 block accesses required by the non-indexed table.&lt;/p&gt;\r\n&lt;p&gt;&lt;strong&gt;When should it be used?&lt;/strong&gt;&lt;/p&gt;\r\n&lt;p&gt;Given that creating an index requires additional disk space (277,778 blocks extra from the above example), and that too many indexes can cause issues arising from the file systems size limits, careful thought must be used to select the correct fields to index.&lt;/p&gt;\r\n&lt;p&gt;Since indexes are only used to speed up the searching for a matching field within the records, it stands to reason that indexing fields used only for output would be simply a waste of disk space and processing time when doing an insert or delete operation, and thus should be avoided. Also given the nature of a binary search, the cardinality or uniqueness of the data is important. Indexing on a field with a cardinality of 2 would split the data in half, whereas a cardinality of 1,000 would return approximately 1,000 records. With such a low cardinality the effectiveness is reduced to a linear sort, and the query optimizer will avoid using the index if the cardinality is less than 30% of the record number, effectively making the index a waste of space.&lt;/p&gt;\r\n&lt;/div&gt;', 1, NULL),
(92, 'Mozart - Piano Concerto No. 24 in C minor, K. 491 (Mitsuko Uchida) ', 4, '2016-12-27 11:21:28', '&lt;p&gt;&lt;iframe src=&quot;https://www.youtube.com/embed/PftH8FVzIRY&quot; width=&quot;560&quot; height=&quot;315&quot; frameborder=&quot;0&quot; allowfullscreen=&quot;allowfullscreen&quot;&gt;&lt;/iframe&gt;&lt;/p&gt;', 1, NULL),
(93, 'Musik 1895', 4, '2016-12-27 11:29:12', '&lt;p&gt;&lt;img style=&quot;display: block; margin-left: auto; margin-right: auto;&quot; src=&quot;http://www.klimt.com/documents/pictures/en/early-works/klimt-musik-1895.jpg&quot; alt=&quot;Music, Gustav Klimt, 1895&quot; width=&quot;600&quot; height=&quot;468&quot; /&gt;&lt;/p&gt;', 1, 'http://www.klimt.com/documents/pictures/en/early-works/klimt-musik-1895.jpg');
INSERT INTO `articles` (`article_id`, `title`, `user_id`, `date`, `text`, `published`, `img`) VALUES
(96, 'The Night Watch (Rembrandt van Rijn)', 4, '2016-12-27 17:55:05', '&lt;p&gt;&lt;a href=&quot;http://www.rembrandtpainting.net/rembrandt''s_night_watch.htm&quot;&gt;&lt;img src=&quot;https://upload.wikimedia.org/wikipedia/commons/thumb/2/28/The_Nightwatch_by_Rembrandt.jpg/737px-The_Nightwatch_by_Rembrandt.jpg&quot; alt=&quot;&quot; width=&quot;0&quot; height=&quot;0&quot; /&gt;Source&lt;/a&gt;&lt;/p&gt;\r\n&lt;hr /&gt;\r\n&lt;div class=&quot;fouur&quot;&gt;\r\n&lt;p&gt;&lt;em&gt;from:&lt;/em&gt;&lt;br /&gt; &quot;The Legend and the Man,&quot; in &lt;em&gt;The World of Rembrandt: 1606-1669&lt;/em&gt; (Time-Life Library of Art), Walter Wallace, New York, 1968, pp. 107-111&lt;/p&gt;\r\n&lt;/div&gt;\r\n&lt;p&gt;Since this celebrated work will always be known by an incorrect title, and since those who have not seen it continue to believe, quite logically, that it is a nocturne &lt;em&gt;Company of Captain Frans Banning Cocq and Lieutenant Willem van Ruytenhurch&lt;/em&gt;, and not until late in the 18th Century did it acquire the name by which it is now known. Unfortunately, both &quot;Night&quot; and &quot; &quot;Watch&quot; are wrong. The civic guards who are depicted had, by the time Rembrandt painted them, become quite pacific; it was no longer necessary for them to defend the ramparts of Amsterdam or to go out on watches by night or by day. Their meetings had been diverted chiefly to social or sporting purposes; if they may be said to have any particular destination in the painting, it is perhaps to march into the fields for a shooting contest or to take part in a parade.&lt;/p&gt;\r\n&lt;p&gt;&quot;Night&quot; is even less apt than &quot;Watch.&quot; When the critics and the public attached that word to the painting, the canvas had become so darkened by dirt and layers of varnish that it was difficult to tell whether the illumination Rembrandt had provided in it came from the sun or moon. Not until after the end of World War II was the painting fully restored so that the viewer could get an idea of the brightness it had when it left Rembrandt''s hand more than 300 years before. (Upon seeing the refreshed work, journalists promptly re-christened it the &quot;Day Watch.&quot;)&lt;/p&gt;\r\n&lt;p&gt;Rembrandt, possibly more than any other artist, has suffered from the ministrations of picture restorers. The infamous &quot;Rembrandt brown&quot; is their work, not his, and so too is the widespread impression that he was a monotonous colorist who invariably worked with a low-keyed palette. It is true that the forceful use of chiaroscuro in his paintings, with its emphasis on the mysterious, evocative qualities of shadow, has always disturbed certain critics, and so occasionally has his subject matter. John Ruskin, the 19th Century English art critic and essayist, who had a superb knack for being wrong in just the right words, remarked that &quot;it is the aim of the best painters to paint the noblest things they can see by sunlight, but of Rembrandt to paint the foulest things he could see by rushlight.&quot; However even Ruskin, if he had seen a cleaned Rembrandt panel or canvas, might have directed some of his vitriol at the men who applied layer upon layer of toned varnish on the artist''s pictures. In the past generation not only the &lt;em&gt;Night Watch&lt;/em&gt; but many other Rembrandt paintings have been stripped of their dirty and discolored overlays-with a consequential appraisal by critics of his genius as a colorist.&lt;/p&gt;\r\n&lt;p&gt;Â There is an understandable, if not a good, reason why Rembrandt''s works were so slathered with varnish. As he matured he became increasingly free in his technique, using bold strokes, passages of broken color, heavy impasto applied with the palette knife, and areas scumbled with his fingers. This highly personal stlye proved a mystery to most critics of the late 17th and 18th Centuries, who attributed it to laxness or perversity. Rembrandt himself seems to have suggested indirectly that his work was to be observed at a slight distance, so that the intervening space would make his strokes and colors fuse. According to Houbraken, &quot;visitors to his studio who wanted to look at his works closely were frightened away by his saying, ''The smell of the colors will bother you.''&quot; The probability is that Rembrandt was not at all concerned about the smell of fresh paint, which is pleasant to many people, but that he did not care to answer dim questions from his guests.&lt;/p&gt;\r\n&lt;p&gt;To their credit, it should be recorded ''that there were a few early critics who admired Rembrandt''s rough strokes and said so. In 1700 an English writer on art, John Eisum, published a poem dedicated to &quot;An Old Man''s Head, by Rembrant&quot;:&lt;/p&gt;\r\n&lt;blockquote&gt;\r\n&lt;p&gt;&lt;em&gt;What a coarse rugged Way of Painting''s here, &lt;br /&gt; Stroaks upon Stroaks, Dabbs upon Dabbs appear. &lt;br /&gt; The Work you'' d think was huddled up in haste, &lt;br /&gt; But mark how truly ev''ry Colour''s placed, &lt;br /&gt; With such Oeconomy in such a sort, &lt;br /&gt; That they each mutualiy support. Rembrant! thy Pencil plays a subtil Part &lt;br /&gt; This Roughness is contriv''d to hide thy Art.&lt;/em&gt;&lt;/p&gt;\r\n&lt;/blockquote&gt;\r\n&lt;p&gt;One or two theorists of Rembrandt''s era agreed that his paintings, in their &quot;coarse rugged Way,&quot; would appear more coherent if one stepped back from them, but they noted that a similar coherence could be obtained with varnish. As a result, for more than a century after Rembrandt''s death liberal applications of varnish, frequently tinted, were applied to many of his paintings by dealers-and what is even more unfortunate-by collectors. Theoretically, the &lt;em&gt;Night Watch&lt;/em&gt; should not have been a candidate for such treatment. Although it contains some wonderfully rich and complex areas, Rembrandt did not paint it in the freest style he would ultimately achieve. Nonetheless, this masterpiece received its full gallonage of Golden Glow and Toner. In fairness to the varnishers, it must be said that their intention was to protect the paintings from dirt as well as to &quot;improve&quot; certain of them by making the strokes and colors blend. Inadvertently, the varnishers also rendered a great service to the world of art. In 1911, when the &lt;em&gt;Night Watch&lt;/em&gt; was still covered with a thick layer of hardened varnish, an unemployed ship''s cook went at it with a knife. He seems to have had no reason for this act of apparent madness beyond the fact that the painting was famous and he was not. But its surface coating proved as resistant as glass, and the attacker was unable to cut through it.&lt;/p&gt;\r\n&lt;p&gt;Â The &lt;em&gt;Night Watch&lt;/em&gt; was commissioned by Captain Barining Cocq and 17 members of his civic guards; that this was the total of Rembrandt''s clients for the work is assumed from the fact that 18 names, added by an unknown hand after the painting was completed, appear on a shield on the background wall. Doubtless the guardsmen expected a group portrait in which each member would be clearly recognizable, although perhaps not of equal prominence; it was often the practice for less affluent or junior members of a group to be represented only by heads or partial figures, for which they paid less than did those who were portrayed full length. The guardsmen, most of whom must have been familiar with Rembrandt''s Anatomy Lesson of Dr. Tulp of a decade earlier, may also have foreseen that the artist would not produce a standard, static painting. But none of them could have been prepared for the thunderous masterwork with which they were confronted.&lt;/p&gt;\r\n&lt;p&gt;The &lt;em&gt;Night Watch&lt;/em&gt; is colossal. In its original dimensions it measured approximately 13 by 16 feet and contained not only the 18 guardsmen but 16 other figures added by Rembrandt to give still more animation to an already tumultuous scene. It was by far the most revolutionary painting Rembrandt had yet made, transforming the traditional Dutch group portrait into a dazzling blaze of light, color and motion, and subordinating the requirements of orthodox portraiture to a far larger, more complex but still unified whole. In Rembrandt''s hands what was, after all, a commonplace affair became filled with Baroque pictorial splendor, loud with the sound of drum and musket, the thud of ramrods, the barking of a dog, the cries of children. In the forefront Captain Banning Cocq - in black, with a red sash - and his lieutenant in yellow lead the forward drive of the still unformed ranks. The sense of movement is reinforced by converging diagonal lines: on the right, the foreshortened spontoon in the lieutenant''s hand, the musket above it and the lance still higher; and on the left, the captain''s staff, its line repeated above by another musket and the banner. The effect on the viewer is direct; he feels that he had best get out of the way.&lt;/p&gt;\r\n&lt;p&gt;The powerful contrast of light and shade heightens the sense of movement, but it is well to regard Rembrandt''s use of light in this painting, as in many others, from an esthetic rather than from a strictly logical view- point. He was, in the phrase of one critic, &quot;his own sun-god.&quot; The shadow cast by the captain''s hand on the lieutenant''s coat might suggest that the sun is at an apparent angle of about 45 degrees to the left, but the shadow of the captain''s extended leg indicates quite a different angle. The picture was of course composed and painted indoors, not while the officers posed for him out of doors, and although his lighting in any particular detail may be true to nature, that is not the case overall. He regulated and manipulated light-opening or closing the shutters in his studio-for his own purpose, which was to create an atmosphere both dreamlike and dramatic.&lt;/p&gt;\r\n&lt;p&gt;The &lt;em&gt;Night Watch&lt;/em&gt; lies at the center of the most persistent and annoying of all Rembrandt myths. As recently as the tourist season of 1967, KLM Royal Dutch Airlines featured the painting by their illustrious countryman in an advertisement inviting travelers to visit Holland. &quot;See &lt;em&gt;Night Watch&lt;/em&gt;,&quot; said the advertisement, &quot;Rembrandt''s spectacular ''failure'' (that caused him to be) hooted ...down the road to bankruptcy.&quot; The myth has been attacked by various critics, and a few years ago it was utterly demolished by Professor Seymour Slive of Harvard in Rembrandt and His Critics. But since the tale has a phoenix-like capacity for self-resurrection, a few of Professor Slive''s observations will bear repeating here.&lt;/p&gt;\r\n&lt;p&gt;The painting was not poorly received; no critic during Rembrandt''s lifetime wrote a word in dispraise of it. Captain Banning Cocq himself had a watercolor made of it for his personal album, and a contemporary oil copy of it by Gerrit Lundens, now owned by the National Gallery in London, offers further proof of the picture'' s popularity. The &lt;em&gt;Night Watch&lt;/em&gt; was never hidden in some obscure location; it was first hung in the Kloveniersdoelen, the headquarters of the civic guardsmen, and in 1715 it was moved to the Amsterdam town hall, as prominent a place as could have been found for it. (Probably on the occasion of its transferal, but no doubt for reasons of space, the painting was cut down on all four sides. The greatest loss was on the left, where a strip about two feet wide, containing three figures, was removed. Nor did painting this supposed &quot;failure&quot; result in any abrupt withdrawal of patronage; Rembrandt received about 1,600 guilders for the &lt;em&gt;Night Watch&lt;/em&gt;, and four years later the Prince of Orange gave him 2,400 for two smaller works.&lt;/p&gt;\r\n&lt;p&gt;The fable of the &lt;em&gt;Night Watch&lt;/em&gt; may owe its stubborn survival to the fact that it is a simple and convenient means of disposing of a complex matter. In 1642 Rembrandt was at the height of his popularity, and thereafter he slowly fell out of public favor, though never to the extent that romantic biographers suggest. What were the reasons for his &quot;decline&quot;? One of them, certainly, was a change in Dutch tastes in art. During the 1640s wealthy citizens, perhaps growing a trifle soft in their security, developed a fondness for showiness and elegance. They began to prefer the bright colors and graceful manner that had been initiated by such painters as the fashionable Flemish portraitist Anthony van Dyck- who, however fine an artist, lacked Rembrandt'' s depth. Rembrandt''s use of chiaroscuro dissatisfied them too, and they turned away from an artist who seemed &quot;dark&quot; and-what was perhaps worse-demanded that they devote some thought to what they were looking at.&lt;/p&gt;', 1, 'https://upload.wikimedia.org/wikipedia/commons/thumb/2/28/The_Nightwatch_by_Rembrandt.jpg/737px-The_Nightwatch_by_Rembrandt.jpg');

-- --------------------------------------------------------

--
-- Table structure for table `article_tag`
--

CREATE TABLE `article_tag` (
  `article_id` int(11) NOT NULL,
  `tag_id` int(11) NOT NULL
) ENGINE=InnoDB DEFAULT CHARSET=latin1;

--
-- Dumping data for table `article_tag`
--

INSERT INTO `article_tag` (`article_id`, `tag_id`) VALUES
(43, 51),
(81, 49),
(83, 59),
(90, 86),
(91, 86),
(92, 90),
(93, 51),
(96, 51);

-- --------------------------------------------------------

--
-- Table structure for table `tags`
--

CREATE TABLE `tags` (
  `tag_id` int(11) NOT NULL,
  `tag_name` varchar(255) NOT NULL
) ENGINE=InnoDB DEFAULT CHARSET=latin1;

--
-- Dumping data for table `tags`
--

INSERT INTO `tags` (`tag_id`, `tag_name`) VALUES
(57, ' SICP'),
(51, 'Art'),
(80, 'Book'),
(56, 'CS'),
(93, 'dsfsdf'),
(59, 'Fiction'),
(49, 'Math'),
(90, 'Music'),
(72, 'Philosophy'),
(86, 'SO'),
(92, 'test');

-- --------------------------------------------------------

--
-- Table structure for table `users`
--

CREATE TABLE `users` (
  `user_id` int(11) NOT NULL,
  `username` varchar(255) NOT NULL,
  `passwd` binary(60) NOT NULL,
  `name` varchar(255) NOT NULL,
  `email` varchar(255) DEFAULT NULL,
  `bio` varchar(255) DEFAULT NULL
) ENGINE=InnoDB DEFAULT CHARSET=latin1;

--
-- Dumping data for table `users`
--

INSERT INTO `users` (`user_id`, `username`, `passwd`, `name`, `email`, `bio`) VALUES
(1, 'liuhang', 0x243279243130246f546a655a5a48757876562e785932717641436834752e6d316b4e6967434842662e7750787930446a762e6952372e5a444a50476d, 'Liu Hang', 'liuhang0213@gmail.com', 'Hi!'),
(2, 'user1', 0x243279243130247a6c5277644c546c3679533933744a654a5a6443566534795a4a6532473347396d364471364235776c61666a62737179715963366d, 'User 1', 'user1@domain', 'I am User 1.'),
(4, 'user2', 0x2432792431302447307933537558446f755443344e66784358484d6d2e7572656c446d454954445666426e4e582f4754336967345075555239723079, 'User 2', 'user2@domain', NULL);

--
-- Indexes for dumped tables
--

--
-- Indexes for table `articles`
--
ALTER TABLE `articles`
  ADD PRIMARY KEY (`article_id`),
  ADD KEY `fk_user` (`user_id`);
ALTER TABLE `articles` ADD FULLTEXT KEY `title` (`title`,`text`);

--
-- Indexes for table `article_tag`
--
ALTER TABLE `article_tag`
  ADD UNIQUE KEY `unique_index` (`article_id`,`tag_id`),
  ADD KEY `fk_tag` (`tag_id`);

--
-- Indexes for table `tags`
--
ALTER TABLE `tags`
  ADD PRIMARY KEY (`tag_id`),
  ADD UNIQUE KEY `tag_name` (`tag_name`);

--
-- Indexes for table `users`
--
ALTER TABLE `users`
  ADD PRIMARY KEY (`user_id`),
  ADD UNIQUE KEY `username` (`username`);

--
-- AUTO_INCREMENT for dumped tables
--

--
-- AUTO_INCREMENT for table `articles`
--
ALTER TABLE `articles`
  MODIFY `article_id` int(11) NOT NULL AUTO_INCREMENT, AUTO_INCREMENT=97;
--
-- AUTO_INCREMENT for table `tags`
--
ALTER TABLE `tags`
  MODIFY `tag_id` int(11) NOT NULL AUTO_INCREMENT, AUTO_INCREMENT=96;
--
-- AUTO_INCREMENT for table `users`
--
ALTER TABLE `users`
  MODIFY `user_id` int(11) NOT NULL AUTO_INCREMENT, AUTO_INCREMENT=5;
--
-- Constraints for dumped tables
--

--
-- Constraints for table `articles`
--
ALTER TABLE `articles`
  ADD CONSTRAINT `fk_user` FOREIGN KEY (`user_id`) REFERENCES `users` (`user_id`);

--
-- Constraints for table `article_tag`
--
ALTER TABLE `article_tag`
  ADD CONSTRAINT `fk_article` FOREIGN KEY (`article_id`) REFERENCES `articles` (`article_id`) ON DELETE CASCADE,
  ADD CONSTRAINT `fk_tag` FOREIGN KEY (`tag_id`) REFERENCES `tags` (`tag_id`) ON DELETE CASCADE;

/*!40101 SET CHARACTER_SET_CLIENT=@OLD_CHARACTER_SET_CLIENT */;
/*!40101 SET CHARACTER_SET_RESULTS=@OLD_CHARACTER_SET_RESULTS */;
/*!40101 SET COLLATION_CONNECTION=@OLD_COLLATION_CONNECTION */;
